--------------------------------------------------------
--  文件已创建 - 星期三-六月-24-2020   
--------------------------------------------------------
--------------------------------------------------------
--  DDL for Table PM_BUILD_PROPERTIES
--------------------------------------------------------

  CREATE TABLE "SCOTT"."PM_BUILD_PROPERTIES" 
   (	"BUILD_ID" NUMBER(6,0), 
	"BUILD_NAME" VARCHAR2(20 BYTE)
   ) SEGMENT CREATION IMMEDIATE 
  PCTFREE 10 PCTUSED 40 INITRANS 1 MAXTRANS 255 NOCOMPRESS LOGGING
  STORAGE(INITIAL 65536 NEXT 1048576 MINEXTENTS 1 MAXEXTENTS 2147483645
  PCTINCREASE 0 FREELISTS 1 FREELIST GROUPS 1 BUFFER_POOL DEFAULT FLASH_CACHE DEFAULT CELL_FLASH_CACHE DEFAULT)
  TABLESPACE "USERS" ;
 

   COMMENT ON COLUMN "SCOTT"."PM_BUILD_PROPERTIES"."BUILD_ID" IS '建设性质ID';
 
   COMMENT ON COLUMN "SCOTT"."PM_BUILD_PROPERTIES"."BUILD_NAME" IS '建设性质名称';
 
   COMMENT ON TABLE "SCOTT"."PM_BUILD_PROPERTIES"  IS '寤鸿鎬ц川琛？';
--------------------------------------------------------
--  DDL for Table PM_PROJECT
--------------------------------------------------------

  CREATE TABLE "SCOTT"."PM_PROJECT" 
   (	"PROJECT_ID" NUMBER(6,0), 
	"UNIT_ID" NUMBER(6,0), 
	"BUILD_ID" NUMBER(6,0), 
	"PROJECT_NAME" VARCHAR2(255 BYTE), 
	"PLAN_VALUE" NUMBER(6,2), 
	"PROJECT_DATE" DATE
   ) SEGMENT CREATION IMMEDIATE 
  PCTFREE 10 PCTUSED 40 INITRANS 1 MAXTRANS 255 NOCOMPRESS LOGGING
  STORAGE(INITIAL 65536 NEXT 1048576 MINEXTENTS 1 MAXEXTENTS 2147483645
  PCTINCREASE 0 FREELISTS 1 FREELIST GROUPS 1 BUFFER_POOL DEFAULT FLASH_CACHE DEFAULT CELL_FLASH_CACHE DEFAULT)
  TABLESPACE "USERS" ;
 

   COMMENT ON COLUMN "SCOTT"."PM_PROJECT"."PROJECT_ID" IS '项目ID';
 
   COMMENT ON COLUMN "SCOTT"."PM_PROJECT"."UNIT_ID" IS '所属单位ID';
 
   COMMENT ON COLUMN "SCOTT"."PM_PROJECT"."BUILD_ID" IS '所属建设性质ID';
 
   COMMENT ON COLUMN "SCOTT"."PM_PROJECT"."PROJECT_NAME" IS '项目名称';
 
   COMMENT ON COLUMN "SCOTT"."PM_PROJECT"."PLAN_VALUE" IS '项目计划值';
 
   COMMENT ON COLUMN "SCOTT"."PM_PROJECT"."PROJECT_DATE" IS '创建项目日期';
 
   COMMENT ON TABLE "SCOTT"."PM_PROJECT"  IS '椤圭洰琛？';
--------------------------------------------------------
--  DDL for Table PM_UNIT
--------------------------------------------------------

  CREATE TABLE "SCOTT"."PM_UNIT" 
   (	"UNIT_ID" NUMBER(6,0), 
	"UNIT_NAME" VARCHAR2(20 BYTE), 
	"UNIT_PARENT_ID" NUMBER(6,0)
   ) SEGMENT CREATION IMMEDIATE 
  PCTFREE 10 PCTUSED 40 INITRANS 1 MAXTRANS 255 NOCOMPRESS LOGGING
  STORAGE(INITIAL 65536 NEXT 1048576 MINEXTENTS 1 MAXEXTENTS 2147483645
  PCTINCREASE 0 FREELISTS 1 FREELIST GROUPS 1 BUFFER_POOL DEFAULT FLASH_CACHE DEFAULT CELL_FLASH_CACHE DEFAULT)
  TABLESPACE "USERS" ;
 

   COMMENT ON COLUMN "SCOTT"."PM_UNIT"."UNIT_ID" IS '单位ID';
 
   COMMENT ON COLUMN "SCOTT"."PM_UNIT"."UNIT_NAME" IS '单位名称';
 
   COMMENT ON COLUMN "SCOTT"."PM_UNIT"."UNIT_PARENT_ID" IS '父级ID';
 
   COMMENT ON TABLE "SCOTT"."PM_UNIT"  IS '鍗曚綅琛？';
REM INSERTING into SCOTT.PM_BUILD_PROPERTIES
SET DEFINE OFF;
Insert into SCOTT.PM_BUILD_PROPERTIES (BUILD_ID,BUILD_NAME) values (1,'新建');
Insert into SCOTT.PM_BUILD_PROPERTIES (BUILD_ID,BUILD_NAME) values (2,'增容改造');
Insert into SCOTT.PM_BUILD_PROPERTIES (BUILD_ID,BUILD_NAME) values (3,'扩建');
Insert into SCOTT.PM_BUILD_PROPERTIES (BUILD_ID,BUILD_NAME) values (0,'全部');
REM INSERTING into SCOTT.PM_PROJECT
SET DEFINE OFF;
Insert into SCOTT.PM_PROJECT (PROJECT_ID,UNIT_ID,BUILD_ID,PROJECT_NAME,PLAN_VALUE,PROJECT_DATE) values (64,6,3,'项目九',2.21,to_date('24-6月 -20','DD-MON-RR'));
Insert into SCOTT.PM_PROJECT (PROJECT_ID,UNIT_ID,BUILD_ID,PROJECT_NAME,PLAN_VALUE,PROJECT_DATE) values (66,3,1,'项目十一',23.88,to_date('24-6月 -20','DD-MON-RR'));
Insert into SCOTT.PM_PROJECT (PROJECT_ID,UNIT_ID,BUILD_ID,PROJECT_NAME,PLAN_VALUE,PROJECT_DATE) values (65,7,2,'项目十',33.33,to_date('24-6月 -20','DD-MON-RR'));
Insert into SCOTT.PM_PROJECT (PROJECT_ID,UNIT_ID,BUILD_ID,PROJECT_NAME,PLAN_VALUE,PROJECT_DATE) values (1,2,1,'项目一',70,to_date('19-11月-19','DD-MON-RR'));
Insert into SCOTT.PM_PROJECT (PROJECT_ID,UNIT_ID,BUILD_ID,PROJECT_NAME,PLAN_VALUE,PROJECT_DATE) values (2,3,2,'项目二',30,to_date('19-12月-19','DD-MON-RR'));
Insert into SCOTT.PM_PROJECT (PROJECT_ID,UNIT_ID,BUILD_ID,PROJECT_NAME,PLAN_VALUE,PROJECT_DATE) values (3,4,1,'项目三',40,to_date('19-1月 -20','DD-MON-RR'));
Insert into SCOTT.PM_PROJECT (PROJECT_ID,UNIT_ID,BUILD_ID,PROJECT_NAME,PLAN_VALUE,PROJECT_DATE) values (4,2,3,'项目四',60,to_date('19-2月 -20','DD-MON-RR'));
Insert into SCOTT.PM_PROJECT (PROJECT_ID,UNIT_ID,BUILD_ID,PROJECT_NAME,PLAN_VALUE,PROJECT_DATE) values (5,9,2,'项目五',90,to_date('19-3月 -20','DD-MON-RR'));
Insert into SCOTT.PM_PROJECT (PROJECT_ID,UNIT_ID,BUILD_ID,PROJECT_NAME,PLAN_VALUE,PROJECT_DATE) values (6,10,1,'项目六',30,to_date('19-4月 -20','DD-MON-RR'));
Insert into SCOTT.PM_PROJECT (PROJECT_ID,UNIT_ID,BUILD_ID,PROJECT_NAME,PLAN_VALUE,PROJECT_DATE) values (7,9,3,'项目七',60.35,to_date('19-5月 -20','DD-MON-RR'));
Insert into SCOTT.PM_PROJECT (PROJECT_ID,UNIT_ID,BUILD_ID,PROJECT_NAME,PLAN_VALUE,PROJECT_DATE) values (8,17,2,'项目八',80.21,to_date('19-6月 -20','DD-MON-RR'));
REM INSERTING into SCOTT.PM_UNIT
SET DEFINE OFF;
Insert into SCOTT.PM_UNIT (UNIT_ID,UNIT_NAME,UNIT_PARENT_ID) values (18,'周口',16);
Insert into SCOTT.PM_UNIT (UNIT_ID,UNIT_NAME,UNIT_PARENT_ID) values (1,'北京',0);
Insert into SCOTT.PM_UNIT (UNIT_ID,UNIT_NAME,UNIT_PARENT_ID) values (2,'东城',1);
Insert into SCOTT.PM_UNIT (UNIT_ID,UNIT_NAME,UNIT_PARENT_ID) values (3,'西城',1);
Insert into SCOTT.PM_UNIT (UNIT_ID,UNIT_NAME,UNIT_PARENT_ID) values (4,'朝阳',1);
Insert into SCOTT.PM_UNIT (UNIT_ID,UNIT_NAME,UNIT_PARENT_ID) values (5,'海淀',1);
Insert into SCOTT.PM_UNIT (UNIT_ID,UNIT_NAME,UNIT_PARENT_ID) values (6,'天津',0);
Insert into SCOTT.PM_UNIT (UNIT_ID,UNIT_NAME,UNIT_PARENT_ID) values (7,'东城',6);
Insert into SCOTT.PM_UNIT (UNIT_ID,UNIT_NAME,UNIT_PARENT_ID) values (8,'山西',0);
Insert into SCOTT.PM_UNIT (UNIT_ID,UNIT_NAME,UNIT_PARENT_ID) values (9,'太原',8);
Insert into SCOTT.PM_UNIT (UNIT_ID,UNIT_NAME,UNIT_PARENT_ID) values (10,'临汾',8);
Insert into SCOTT.PM_UNIT (UNIT_ID,UNIT_NAME,UNIT_PARENT_ID) values (11,'运城',8);
Insert into SCOTT.PM_UNIT (UNIT_ID,UNIT_NAME,UNIT_PARENT_ID) values (12,'晋城',8);
Insert into SCOTT.PM_UNIT (UNIT_ID,UNIT_NAME,UNIT_PARENT_ID) values (13,'陕西',0);
Insert into SCOTT.PM_UNIT (UNIT_ID,UNIT_NAME,UNIT_PARENT_ID) values (14,'西安',13);
Insert into SCOTT.PM_UNIT (UNIT_ID,UNIT_NAME,UNIT_PARENT_ID) values (15,'延安',13);
Insert into SCOTT.PM_UNIT (UNIT_ID,UNIT_NAME,UNIT_PARENT_ID) values (16,'河南',0);
Insert into SCOTT.PM_UNIT (UNIT_ID,UNIT_NAME,UNIT_PARENT_ID) values (17,'郑州',16);
Insert into SCOTT.PM_UNIT (UNIT_ID,UNIT_NAME,UNIT_PARENT_ID) values (0,'全部',-1);
--------------------------------------------------------
--  DDL for Index PM_BUILD_PROPERTIES_PK
--------------------------------------------------------

  CREATE UNIQUE INDEX "SCOTT"."PM_BUILD_PROPERTIES_PK" ON "SCOTT"."PM_BUILD_PROPERTIES" ("BUILD_ID") 
  PCTFREE 10 INITRANS 2 MAXTRANS 255 COMPUTE STATISTICS 
  STORAGE(INITIAL 65536 NEXT 1048576 MINEXTENTS 1 MAXEXTENTS 2147483645
  PCTINCREASE 0 FREELISTS 1 FREELIST GROUPS 1 BUFFER_POOL DEFAULT FLASH_CACHE DEFAULT CELL_FLASH_CACHE DEFAULT)
  TABLESPACE "USERS" ;
--------------------------------------------------------
--  DDL for Index PM_PROJECT_PK
--------------------------------------------------------

  CREATE UNIQUE INDEX "SCOTT"."PM_PROJECT_PK" ON "SCOTT"."PM_PROJECT" ("PROJECT_ID") 
  PCTFREE 10 INITRANS 2 MAXTRANS 255 COMPUTE STATISTICS 
  STORAGE(INITIAL 65536 NEXT 1048576 MINEXTENTS 1 MAXEXTENTS 2147483645
  PCTINCREASE 0 FREELISTS 1 FREELIST GROUPS 1 BUFFER_POOL DEFAULT FLASH_CACHE DEFAULT CELL_FLASH_CACHE DEFAULT)
  TABLESPACE "USERS" ;
--------------------------------------------------------
--  DDL for Index PM_UNIT_PK
--------------------------------------------------------

  CREATE UNIQUE INDEX "SCOTT"."PM_UNIT_PK" ON "SCOTT"."PM_UNIT" ("UNIT_ID") 
  PCTFREE 10 INITRANS 2 MAXTRANS 255 COMPUTE STATISTICS 
  STORAGE(INITIAL 65536 NEXT 1048576 MINEXTENTS 1 MAXEXTENTS 2147483645
  PCTINCREASE 0 FREELISTS 1 FREELIST GROUPS 1 BUFFER_POOL DEFAULT FLASH_CACHE DEFAULT CELL_FLASH_CACHE DEFAULT)
  TABLESPACE "USERS" ;
--------------------------------------------------------
--  Constraints for Table PM_BUILD_PROPERTIES
--------------------------------------------------------

  ALTER TABLE "SCOTT"."PM_BUILD_PROPERTIES" ADD CONSTRAINT "PM_BUILD_PROPERTIES_PK" PRIMARY KEY ("BUILD_ID")
  USING INDEX PCTFREE 10 INITRANS 2 MAXTRANS 255 COMPUTE STATISTICS 
  STORAGE(INITIAL 65536 NEXT 1048576 MINEXTENTS 1 MAXEXTENTS 2147483645
  PCTINCREASE 0 FREELISTS 1 FREELIST GROUPS 1 BUFFER_POOL DEFAULT FLASH_CACHE DEFAULT CELL_FLASH_CACHE DEFAULT)
  TABLESPACE "USERS"  ENABLE;
 
  ALTER TABLE "SCOTT"."PM_BUILD_PROPERTIES" MODIFY ("BUILD_ID" NOT NULL ENABLE);
 
  ALTER TABLE "SCOTT"."PM_BUILD_PROPERTIES" MODIFY ("BUILD_NAME" NOT NULL ENABLE);
--------------------------------------------------------
--  Constraints for Table PM_PROJECT
--------------------------------------------------------

  ALTER TABLE "SCOTT"."PM_PROJECT" ADD CONSTRAINT "PM_PROJECT_PK" PRIMARY KEY ("PROJECT_ID")
  USING INDEX PCTFREE 10 INITRANS 2 MAXTRANS 255 COMPUTE STATISTICS 
  STORAGE(INITIAL 65536 NEXT 1048576 MINEXTENTS 1 MAXEXTENTS 2147483645
  PCTINCREASE 0 FREELISTS 1 FREELIST GROUPS 1 BUFFER_POOL DEFAULT FLASH_CACHE DEFAULT CELL_FLASH_CACHE DEFAULT)
  TABLESPACE "USERS"  ENABLE;
 
  ALTER TABLE "SCOTT"."PM_PROJECT" MODIFY ("PROJECT_ID" NOT NULL ENABLE);
 
  ALTER TABLE "SCOTT"."PM_PROJECT" MODIFY ("UNIT_ID" NOT NULL ENABLE);
 
  ALTER TABLE "SCOTT"."PM_PROJECT" MODIFY ("BUILD_ID" NOT NULL ENABLE);
 
  ALTER TABLE "SCOTT"."PM_PROJECT" MODIFY ("PROJECT_NAME" NOT NULL ENABLE);
 
  ALTER TABLE "SCOTT"."PM_PROJECT" MODIFY ("PROJECT_DATE" NOT NULL ENABLE);
--------------------------------------------------------
--  Constraints for Table PM_UNIT
--------------------------------------------------------

  ALTER TABLE "SCOTT"."PM_UNIT" ADD CONSTRAINT "PM_UNIT_PK" PRIMARY KEY ("UNIT_ID")
  USING INDEX PCTFREE 10 INITRANS 2 MAXTRANS 255 COMPUTE STATISTICS 
  STORAGE(INITIAL 65536 NEXT 1048576 MINEXTENTS 1 MAXEXTENTS 2147483645
  PCTINCREASE 0 FREELISTS 1 FREELIST GROUPS 1 BUFFER_POOL DEFAULT FLASH_CACHE DEFAULT CELL_FLASH_CACHE DEFAULT)
  TABLESPACE "USERS"  ENABLE;
 
  ALTER TABLE "SCOTT"."PM_UNIT" MODIFY ("UNIT_ID" NOT NULL ENABLE);
 
  ALTER TABLE "SCOTT"."PM_UNIT" MODIFY ("UNIT_NAME" NOT NULL ENABLE);
 
  ALTER TABLE "SCOTT"."PM_UNIT" MODIFY ("UNIT_PARENT_ID" NOT NULL ENABLE);
--------------------------------------------------------
--  Ref Constraints for Table PM_PROJECT
--------------------------------------------------------

  ALTER TABLE "SCOTT"."PM_PROJECT" ADD CONSTRAINT "BUILD_FK" FOREIGN KEY ("BUILD_ID")
	  REFERENCES "SCOTT"."PM_BUILD_PROPERTIES" ("BUILD_ID") ENABLE;
 
  ALTER TABLE "SCOTT"."PM_PROJECT" ADD CONSTRAINT "UNIT_FK" FOREIGN KEY ("UNIT_ID")
	  REFERENCES "SCOTT"."PM_UNIT" ("UNIT_ID") ENABLE;
